ID,Username,Password,Email,PhoneNum,Bdate,Gender,Pronouns,Education,City,Relationship,Workplace
1,elizabethjones,d+a7T_JG4c,steven90@example.com,33918332085,1960-12-16,F,She/her,Master,Pricefort,MARRIED,Rodriguez-Morris
2,veronicaschwartz,c_pYN5GsJc,karen16@example.com,31087175410,1993-01-07,NB,They/them,High School,Nielsenburgh,ITS COMPLICATED,Cruz and Sons
3,wharris,%f9$TvkWGq,philipsmith@example.net,80689947952,1993-12-21,M,He/him,Bachelor,Kellymouth,DATING,Stewart-Wall
4,hutchinsonthomas,%A8fW4jECG,matthew64@example.org,15186620545,1966-06-08,F,She/her,Master,Hansenshire,SINGLE,"Martin, Brown and Gaines"
5,cfriedman,f)9EbFLplA,daniel98@example.net,60595162142,1989-11-28,NB,They/them,Master,West Jenniferhaven,MARRIED,Brown-Aguilar
6,oking,_x8SbOmeQ!,olam@example.com,47287958548,1944-09-22,M,He/him,PhD,Kellyhaven,MARRIED,Martinez Ltd
7,jondunn,!1ZrE!hkoH,manueljenkins@example.com,04674047758,1925-05-24,M,He/him,High School,Hoffmanmouth,MARRIED,Riley-Everett
8,johnsonjanice,_75#3d)mL&,kylejohnson@example.org,20310448740,1947-06-04,M,He/him,Master,West James,SINGLE,Johnson Ltd
9,griffinsuzanne,#)4ooHlZeT,stacy72@example.net,03996616832,1984-05-23,F,She/her,PhD,Kimberlymouth,DATING,"Ross, Smith and Robertson"
10,brittanysilva,X+&8VHFf6+,diazlaura@example.com,10722691065,1952-10-25,F,She/her,High School,Michaelview,ITS COMPLICATED,Skinner-Hill
11,shirleyhendricks,$(+Y8yufQA,nrice@example.net,33601873584,1962-12-17,F,She/her,Master,North Andrewchester,SINGLE,Nelson Group
12,sharpmargaret,#rJtN2qrC3,rushann@example.com,77150797550,1983-05-19,M,He/him,Master,South Matthewland,SINGLE,"Baker, Reed and Galloway"
13,caroline79,rWWhi7Zk*S,dbryant@example.net,08500368839,1929-04-14,NB,They/them,Master,Ginaside,SINGLE,Carter-Cunningham
14,gilbertlisa,r5S06Y%bZ^,ahernandez@example.com,71476124377,1940-08-31,NB,They/them,Master,Martinton,MARRIED,Gutierrez Group
15,jacksonsarah,(GF6+TPo+7,lesliemiles@example.org,56812097529,1961-11-10,F,She/her,Bachelor,Kimmouth,ITS COMPLICATED,"Ross, Gonzalez and Rivers"
16,goldenjulie,xk7BAm6m%Z,shane86@example.com,05984065572,1940-07-17,M,He/him,Bachelor,Stevensonmouth,SINGLE,Clements-Oconnor
17,jellis,)4I8DMba%E,kturner@example.net,59677671808,1947-11-08,M,He/him,High School,New Joelhaven,MARRIED,"Stevens, Walker and Snyder"
18,stacy75,halj7qNuZ_,parkerjohn@example.com,44962393870,1979-09-07,NB,They/them,Bachelor,South Maryhaven,SINGLE,"Klein, Jordan and Perez"
19,zking,+*Rv8H3h96,angela95@example.net,04867880542,1988-10-09,F,She/her,Bachelor,Lake John,ITS COMPLICATED,Harrison and Sons
20,ashleymassey,$X7V*M_gAQ,lisa51@example.net,26581110716,2005-01-19,F,She/her,PhD,North Richardport,SINGLE,George-Martin
21,lmiller,_9jajRdC+r,trivas@example.com,16187712419,1997-03-09,F,She/her,PhD,South Andrew,DATING,"Smith, Larson and Walton"
22,jenniferhoward,OT70nHYph^,zclark@example.com,74039540263,1977-04-15,F,She/her,High School,Antonioshire,MARRIED,"Baker, Garza and Obrien"
23,dmoore,_yZCfjUb2c,kelseyaustin@example.net,74667920534,1929-01-28,NB,They/them,Bachelor,Morganville,SINGLE,"Monroe, Wheeler and Adams"
24,kenneth63,(u&)7UeW7v,smithrebecca@example.org,32559234583,1953-09-15,NB,They/them,Bachelor,Carterville,SINGLE,Foster-Reyes
25,wchambers,x1bLTrXB*h,morgansusan@example.net,46307604054,1970-11-28,NB,They/them,PhD,Samuelview,SINGLE,Williams Ltd
26,fred09,x!2RMKEcDg,wellis@example.net,83817903928,1980-02-04,F,She/her,Master,Rodriguezport,DATING,Tran-Willis
27,melissa10,+96LuNObW#,nrogers@example.com,51929810579,1990-06-24,NB,They/them,Bachelor,Jacquelineside,DATING,Reese and Sons
28,ashleylindsey,6g(X6Yk^(%,john95@example.org,79641421703,1943-08-29,M,He/him,Master,Garrettborough,SINGLE,"Sherman, West and Jackson"
29,rsmith,Y+6h^AwrcV,pgray@example.net,51012939718,1965-09-19,F,She/her,Master,Burchside,ITS COMPLICATED,Brooks-Lopez
30,tmartinez,d9rM5EWf!M,holly62@example.org,24215596213,1983-04-17,M,He/him,Master,Joshuafort,DATING,Ruiz Ltd
31,cherylrodriguez,LXC&X1Gga+,mclark@example.com,09021679178,1981-12-23,NB,They/them,Master,Markland,ITS COMPLICATED,Smith-Goodwin
32,andreawilliams,*C8UKlRi_!,davidsonregina@example.com,10535828081,1959-04-02,F,She/her,PhD,West Davidside,MARRIED,Fleming Ltd
33,madkins,T5&Py_9P(c,bmorris@example.com,60044470480,1937-12-02,M,He/him,Master,Lisaview,MARRIED,Maldonado-Riggs
34,srobbins,890I1HjI!o,jeffrey03@example.org,28022801113,1936-05-20,F,She/her,Bachelor,Brockside,ITS COMPLICATED,Harris Ltd
35,hjordan,0C%q5Oi#@1,carloshernandez@example.org,14251182222,2001-05-03,NB,They/them,High School,South Michelle,ITS COMPLICATED,"Porter, Tanner and Gilbert"
36,zdelgado,#r10UFRrd),ericoneal@example.net,88915587630,1935-11-26,F,She/her,High School,East Mary,SINGLE,Thomas-Spencer
37,clopez,(6dOwVsEVu,leebethany@example.net,59441445243,1990-01-22,NB,They/them,High School,Richardsonport,MARRIED,"Johnston, Mullen and Brown"
38,kaitlin57,(7mZRJmVh7,elizabeth55@example.com,05545625155,1961-10-19,F,She/her,High School,Phillipsfurt,MARRIED,Frey-Ford
39,kellerjohn,xKSj5Ez1$8,anelson@example.org,99262189904,1944-03-13,M,He/him,Master,Alejandroberg,DATING,"Perez, Bridges and Hines"
40,icarpenter,245Yp4zvY$,christinahumphrey@example.net,32849596728,2003-11-09,F,She/her,Bachelor,Harmonton,ITS COMPLICATED,Washington Ltd
41,eric28,#W4UXhJima,robyn38@example.com,18610944136,1923-08-04,NB,They/them,PhD,West Jamesstad,ITS COMPLICATED,"Martin, Collins and Ford"
42,jacksonjenny,A!I9PsUfO%,jason98@example.org,01241788502,1976-03-21,M,He/him,PhD,Jessefort,MARRIED,Reed-Taylor
43,zwells,DoJ&I4Hq!2,olsenlisa@example.org,69043468634,1959-04-08,M,He/him,PhD,North Jessicatown,ITS COMPLICATED,Marquez Group
44,juliawhite,u^2TFUjm0O,daughertydaniel@example.org,65278986045,1960-06-20,NB,They/them,High School,Williamsmouth,MARRIED,"Morrison, Bell and Bell"
45,ambersmith,G(1b5Ney(@,philip40@example.net,30972631014,1966-03-18,NB,They/them,High School,Ortizborough,SINGLE,Odom-Freeman
46,abigail61,2K9KWJoz0_,nealcathy@example.com,10315739699,1966-01-20,NB,They/them,Bachelor,New Stephaniemouth,MARRIED,"Cain, Blanchard and Ballard"
47,marcusevans,5ABL6uv*^x,nicoletaylor@example.com,28682013388,1990-07-04,F,She/her,PhD,Parkshire,SINGLE,Cox Inc
48,ramirezjonathan,$(Ai9KtVWY,kyle69@example.com,13688199019,1955-10-02,F,She/her,High School,North Steventon,ITS COMPLICATED,"Smith, Williams and Pierce"
49,natalie27,%f2UBGpnn1,bennettheather@example.com,39022824700,1996-08-11,M,He/him,High School,East Melissamouth,ITS COMPLICATED,"Sandoval, Weaver and Rojas"
50,barryjenna,)l0!CtfpZP,randalldebra@example.org,56221608362,1953-11-06,F,She/her,Master,Brownfort,DATING,Colon-Aguilar
51,gtucker,%sZivnkO8O,fthomas@example.org,64762850624,1940-04-07,M,He/him,Master,New Colin,ITS COMPLICATED,Nelson-Fisher
52,walkerjessica,b&N2dHluVa,stevengray@example.net,97413451658,1935-02-26,NB,They/them,Bachelor,West Heatherport,SINGLE,Singh-George
53,brenda15,A92jTezW+p,ushepherd@example.net,13431234007,2004-01-12,M,He/him,Master,Matthewburgh,ITS COMPLICATED,Lee and Sons
54,christinamartinez,D519Hp!_(8,christine96@example.org,45217621210,1935-06-16,NB,They/them,PhD,West Sarahhaven,DATING,Sutton-Daniels
55,livingstonjohn,j(5PLIoa(N,stephaniewolfe@example.net,90626244597,1969-01-20,F,She/her,Master,North Natalieton,DATING,"Miller, Miller and Strickland"
56,carlsonlisa,(50zy6XqdQ,crystalramos@example.net,69715626667,1994-07-02,NB,They/them,High School,Lake Kimberlyside,SINGLE,Smith-Buckley
57,davidwoods,26NmVbWX^0,gregory18@example.org,27429929453,1971-04-17,NB,They/them,Master,Geraldborough,MARRIED,"Powell, Campbell and Middleton"
58,chelsea62,$1HgzssMtM,kbrooks@example.net,70640613646,1923-12-20,NB,They/them,Master,North Amy,SINGLE,Forbes and Sons
59,alawrence,)9t4yYjZun,tom04@example.com,93358685440,2003-02-05,M,He/him,PhD,North Lindseyfurt,SINGLE,"Ward, Wilcox and Olson"
60,jessicastewart,&62QIv@O(J,shelbywatson@example.net,93322366518,1999-03-30,F,She/her,Bachelor,Taylorport,MARRIED,"Garcia, Norris and Baird"
61,coxmaria,A3_6I2LdZY,aliciavargas@example.com,86216098107,1973-06-04,NB,They/them,High School,Perezfurt,ITS COMPLICATED,"Cruz, Jones and Walton"
62,evanwagner,SrD(f@qT$2,stevenmorris@example.net,66565162275,1970-02-20,NB,They/them,High School,Carlchester,SINGLE,Medina-Mendez
63,johnsonjames,pj^9+Uz!sG,christopherfoster@example.com,49278156497,1934-09-04,M,He/him,High School,North Maria,MARRIED,Walker-Vasquez
64,kfernandez,&j#4ZgEu5#,kylerivera@example.net,85947928869,1977-09-27,M,He/him,PhD,Hamiltonport,DATING,Padilla-Terry
65,austin23,!JRo1C4A2w,myersjessica@example.org,66068977563,1961-11-01,F,She/her,Bachelor,Michellemouth,ITS COMPLICATED,Lopez-Waller
66,thicks,$77OxhQjcp,lopezstephanie@example.com,78145195729,1965-06-30,F,She/her,Bachelor,Lake Christopher,SINGLE,"Butler, Ramirez and White"
67,lynchemily,!7DiaWqHye,hcox@example.net,26886563054,1984-01-08,NB,They/them,High School,Karenville,DATING,Strong-Stokes
68,williamsjohn,@#4qxQnKrQ,ian56@example.org,30443140026,1947-02-15,M,He/him,High School,Alecton,SINGLE,Smith LLC
69,rvalenzuela,G$60UUImN%,john21@example.net,58081864028,1922-07-08,F,She/her,PhD,Lake Charlenefort,MARRIED,"Gutierrez, Greer and Schmidt"
70,mathewmichael,_M_3jSEkZ2,steven37@example.org,98817204772,1930-10-16,M,He/him,High School,South Barbara,SINGLE,Hill-Vargas
71,peter29,7VlL2dcV$&,joshua74@example.org,19119448865,1993-11-26,M,He/him,Master,Jennifershire,SINGLE,Pierce and Sons
72,spreston,)gBePj!F2h,pdominguez@example.net,58421636257,1971-10-07,F,She/her,Bachelor,New Matthewmouth,ITS COMPLICATED,"Williams, Anderson and Miller"
73,droberts,7L260Osd*0,mary46@example.com,89044245135,1939-09-08,M,He/him,Bachelor,West Christopher,SINGLE,Nelson Group
74,travis21,7LzEvPtW@2,ecollier@example.com,84880699172,1992-03-19,M,He/him,PhD,Orozcotown,DATING,Gonzalez Group
75,groberts,CoJ6jDrb%!,craig49@example.com,20214703555,1999-11-18,NB,They/them,Bachelor,Glennberg,MARRIED,"Jones, Horton and Craig"
76,donnahill,$1RwQ1gtg5,kgraham@example.org,74938709039,1991-08-21,NB,They/them,Master,Port Andrewhaven,MARRIED,Villanueva-Thomas
77,leachcathy,695%8GNpm@,jenniferwilliams@example.com,74019189748,1979-09-04,M,He/him,High School,Charlottetown,ITS COMPLICATED,Johnson and Sons
78,dayjose,n7hrIivR!U,judithwong@example.com,03955324798,1948-07-02,F,She/her,Bachelor,Nicholschester,DATING,Cowan Ltd
79,tom72,h@g0_iYm@d,fernandezjennifer@example.com,46923433177,1944-11-09,NB,They/them,Master,Hoganchester,ITS COMPLICATED,Romero Group
80,mhuang,ucq1sWYz)1,caldwellkevin@example.com,68878859241,1936-09-05,F,She/her,Bachelor,South Susan,DATING,"Wilson, Holmes and Valdez"
81,macdonaldthomas,s*6J5Ypw!W,lucas24@example.com,78910439040,1924-12-10,M,He/him,Bachelor,East Travisside,MARRIED,Moore-Jackson
82,reginaldtaylor,f^8Q^DDjED,kellykey@example.org,46728511203,1956-08-19,M,He/him,High School,Michaelchester,DATING,"Carpenter, Houston and Miller"
83,tracylee,I_Dge4*k&T,stevennavarro@example.com,30863343999,1993-07-10,NB,They/them,Bachelor,Holthaven,MARRIED,"Lee, Thompson and Jones"
84,catherinerodriguez,5eaWKLHm#2,jennifer44@example.com,00249541821,1969-10-05,F,She/her,PhD,Cardenasberg,DATING,Vargas and Sons
85,ljohns,oFx!2YPs(u,sbailey@example.org,38001854915,1987-07-12,NB,They/them,Bachelor,South Nicholasland,ITS COMPLICATED,"Hughes, Lee and Hernandez"
86,irobinson,!izV7ATUQ8,charlesnicholson@example.com,82206687200,1975-01-25,NB,They/them,Master,Maryshire,ITS COMPLICATED,"Peck, Walker and Flores"
87,psanders,tx7UuXjW1^,udavis@example.org,84143120514,1971-08-02,F,She/her,Master,South Michaelland,MARRIED,Miller LLC
88,gregorycrawford,+tr^oYd1l8,sandra47@example.org,63963580245,1986-03-20,NB,They/them,Master,Moorefort,SINGLE,Guerrero Ltd
89,kevinjackson,8NX+GyDb*p,bryanbarnett@example.org,87460310431,1993-07-03,NB,They/them,High School,South Nathanview,SINGLE,"Thomas, Brown and Roberson"
90,richard68,Qu5^6ORf0S,qreid@example.net,82214786186,1983-10-27,F,She/her,High School,Morenoberg,SINGLE,Harris-Anderson
91,twest,q*ms6Wp2KE,osparks@example.com,54176192276,1967-06-20,NB,They/them,Master,Jasonmouth,SINGLE,Howard-Ingram
92,joseph26,#c3DFU(ur8,robert24@example.com,18025326562,1975-04-29,F,She/her,High School,Patelton,ITS COMPLICATED,Walker LLC
93,nicolewilliams,$87Jk!Fmr5,mariamoss@example.org,26917712461,2000-07-02,NB,They/them,Bachelor,New Amy,ITS COMPLICATED,Rodriguez PLC
94,robert05,zD*P5FPjut,bcarr@example.org,87809682816,1977-07-30,F,She/her,PhD,East Billy,MARRIED,"Brown, Ortiz and Davis"
95,douglas18,3iP6V5qf%8,deleonscott@example.org,54714643074,1974-12-08,M,He/him,Master,Vangmouth,MARRIED,Wyatt-Brady
96,irobinson,Qqx3ISl+#i,davisjohn@example.net,28268759872,1998-02-11,NB,They/them,PhD,West James,MARRIED,Fuller-Hayes
97,duane89,@9u2DhAnok,turnerdonald@example.org,74121554903,1980-06-05,F,She/her,PhD,South Teresashire,SINGLE,Griffin Group
98,jamesjohnson,g1_7UwS9&!,silvacourtney@example.net,96658701993,1945-05-18,M,He/him,Bachelor,Lake Randallburgh,ITS COMPLICATED,Potts and Sons
99,brandyramos,)2vOpPQBvd,hayswilliam@example.net,20242715629,1953-08-27,F,She/her,Master,New Ronald,SINGLE,Nguyen Group
100,nscott,ObOw11Mo1@,carlgibson@example.org,86562206908,1963-09-14,F,She/her,High School,Thomasside,SINGLE,"Silva, Adams and Rogers"
